id,title,year,quality
86828,'Absolutely Anything',2015,'1080p'
420817,'Aladdin',2019,'1080p'
399579,'Alita Battle Angel',2019,'2160p'
8274,'American Pie Presents Band Camp',2005,'1080p'
8277,'American Pie Presents Beta House',2007,'1080p'
660982,'American Pie Presents Girls Rules',2020,'1080p'
26123,'American Pie Presents The Book of Love',2009,'1080p'
8275,'American Pie Presents The Naked Mile',2006,'1080p'
71552,'American Pie - Reunion',2012,'1080p'
2105,'American Pie',1999,'1080p'
2770,'American Pie 2',2001,'1080p'
190859,'American Sniper',2014,'1080p'
8273,'American Wedding',2003,'1080p'
423204,'Angel Has Fallen',2019,'1080p'
640146,'Ant-Man And The Wasp Quantumania',2023,'1080p'
363088,'Ant-Man And The Wasp',2018,'1080p'
102899,'Ant-Man',2015,'1080p'
297802,'Aquaman',2018,'1080p'
503736,'Army Of The Dead',2021,'1080p'
796499,'Army Of Thieves',2021,'1080p'
121856,'Assassins Creed',2016,'1080p'
341013,'Atomic Blonde',2017,'2160p'
76600,'Avatar The Way Of Water',2022,'1080p'
19995,'Avatar',2009,'1080p'
99861,'Avengers Age of Ultron',2015,'1080p'
299534,'Avengers Endgame',2019,'1080p'
299536,'Avengers Infinity War',2018,'1080p'
155,'Batman The Dark Knight',2008,'1080p'
209112,'Batman V Superman Dawn Of Justice',2016,'1080p'
44943,'Battle Los Angeles',2011,'1080p'
1088163,'Bert Kreischer Razzle Dazzle',2023,'2160p'
495764,'Birds Of Prey And The Fantabulous Emancipation Of One Harley Quinn',2020,'1080p'
436270,'Black Adam',2022,'2160p'
201088,'Blackhat',2015,'1080p'
505642,'Black Panther Wakanda Forever',2022,'2160p'
284054,'Black Panther',2018,'1080p'
497698,'Black Widow',2021,'1080p'
335984,'Blade Runner 2049',2017,'1080p'
1265,'Bridge to Terabithia',2007,'1080p'
400106,'Bright',2017,'1080p'
718930,'Bullet Train',2022,'1080p'
424783,'Bumblebee',2018,'1080p'
271110,'Captain America Civil War',2016,'1080p'
1771,'Captain America - The First Avenger',2011,'1080p'
100402,'Captain America The Winter Soldier',2014,'1080p'
299537,'Captain Marvel',2019,'1080p'
302699,'Central Intelligence',2016,'1080p'
804150,'Cocaine Bear',2023,'2160p'
461130,'Code 8',2019,'1080p'
620705,'Crater',2023,'1080p'
293660,'Deadpool',2016,'1080p'
383498,'Deadpool 2',2018,'1080p'
10483,'Death Race',2008,'1080p'
51620,'Death Race 2',2010,'1080p'
156717,'Death Race 3',2013,'1080p'
449443,'Den Of Thieves',2018,'1080p'
291870,'Dirty Grandpa',2016,'1080p'
453395,'Doctor Strange In The Multiverse Of Madness',2022,'1080p'
284052,'Doctor Strange',2016,'1080p'
646380,'Dont Look Up',2021,'1080p'
329996,'Dumbo',2019,'1080p'
493529,'Dungeons And Dragons Honor Among Thieves',2023,'2160p'
137113,'Edge of Tomorrow',2014,'1080p'
68724,'Elysium',2013,'1080p'
80274,'Enders Game',2013,'1080p'
497582,'Enola Holmes',2020,'1080p'
829280,'Enola Holmes 2',2022,'1080p'
107846,'Escape Plan',2013,'1080p'
524434,'Eternals',2021,'1080p'
299054,'Expend4bles',2023,'1080p'
545609,'Extraction',2020,'1080p'
697843,'Extraction 2',2023,'1080p'
985939,'Fall',2022,'1080p'
259316,'Fantastic Beasts And Where To Find Them',2016,'2160p'
338952,'Fantastic Beasts: The Crimes of Grindelwald',2018,'1080p'
51497,'Fast Five',2011,'1080p'
384018,'Fast & Furious Presents Hobbs & Shaw',2019,'1080p'
13804,'Fast & Furious',2009,'1080p'
82992,'Fast & Furious 6',2013,'1080p'
385687,'Fast X',2023,'1080p'
809140,'Father Stu',2022,'1080p'
591275,'Fear Street Part Three - 1666',2021,'1080p'
591274,'Fear Street Part Two 1978',2021,'1080p'
591273,'Fear Street Part 1 1994',2021,'1080p'
507089,'Five Nights At Freddys',2023,'2160p'
550988,'Free Guy',2021,'1080p'
168259,'Furious 7',2015,'1080p'
385128,'F9',2021,'1080p'
274855,'Geostorm',2017,'1080p'
315837,'Ghost In The Shell',2017,'1080p'
980489,'Gran Turismo',2023,'1080p'
118340,'Guardians of the Galaxy Vol. 1',2014,'1080p'
283995,'Guardians Of The Galaxy Vol. 2',2017,'1080p'
447365,'Guardians Of The Galaxy Vol. 3',2023,'1080p'
413052,'Hacker',2016,'1080p'
610253,'Halloween Kills',2021,'1080p'
8960,'Hancock',2008,'1080p'
724209,'Heart Of Stone',2023,'2160p'
347626,'Hes All That',2021,'1080p'
249070,'Hitman - Agent 47',2015,'1080p'
1620,'Hitman',2007,'1080p'
4638,'Hot Fuzz',2007,'1080p'
166428,'How to Train Your Dragon The Hidden World',2019,'2160p'
10191,'How To Train Your Dragon',2010,'1080p'
82702,'How To Train Your Dragon 2',2014,'2160p'
1927,'Hulk',2003,'1080p'
933419,'Champions',2023,'2160p'
198184,'Chappie',2015,'2160p'
505948,'I Am Mother',2019,'1080p'
27205,'Inception',2010,'2160p'
335977,'Indiana Jones And The Dial Of Destiny',2023,'1080p'
217,'Indiana Jones And The Kingdom of the Crystal Skull',2008,'1080p'
157336,'Interstellar',2014,'2160p'
2048,'I Robot',2004,'2160p'
1726,'Iron Man',2008,'1080p'
10138,'Iron Man 2',2010,'1080p'
68721,'Iron Man 3',2013,'1080p'
343611,'Jack Reacher Never Go Back',2016,'1080p'
75780,'Jack Reacher',2012,'1080p'
324668,'Jason Bourne',2016,'1080p'
19994,'Jennifers Body',2009,'1080p'
49529,'John Carter',2012,'1080p'
463272,'Johnny English Strikes Again',2018,'1080p'
324552,'John Wick Chapter 2',2017,'1080p'
458156,'John Wick Chapter 3 - Parabellum',2019,'1080p'
603692,'John Wick Chapter 4',2023,'2160p'
245891,'John Wick',2014,'1080p'
475557,'Joker',2019,'2160p'
617502,'Jolt',2021,'1080p'
512200,'Jumanji: The Next Level',2019,'1080p'
353486,'Jumanji Welcome To The Jungle',2017,'1080p'
76757,'Jupiter Ascending',2015,'1080p'
141052,'Justice League',2017,'1080p'
343668,'Kingsman: The Golden Circle',2017,'1080p'
207703,'Kingsman The Secret Service',2014,'1080p'
9502,'Kung Fu Panda',2008,'1080p'
49444,'Kung Fu Panda 2',2011,'1080p'
140300,'Kung Fu Panda 3',2016,'1080p'
447362,'Life In A Year',2020,'1080p'
263115,'Logan',2017,'1080p'
267860,'London Has Fallen',2016,'1080p'
706503,'Lost Bullet',2020,'1080p'
240832,'Lucy',2014,'1080p'
49521,'Man of Steel',2013,'1080p'
286567,'Max Steel',2016,'1080p'
278924,'Mechanic Resurrection',2016,'1080p'
739993,'Metal Lords',2022,'1080p'
575264,'Mission Impossible - Dead Reckoning Part One',2023,'1080p'
56292,'Mission Impossible Ghost Protocol',2011,'1080p'
956,'Mission Impossible III',2006,'1080p'
955,'Mission Impossible II',2000,'1080p'
177677,'Mission Impossible Rogue Nation',2015,'1080p'
954,'Mission Impossible',1996,'1080p'
458576,'Monster Hunter',2020,'1080p'
406759,'Moonfall',2022,'1080p'
428078,'Mortal Engines',2018,'1080p'
739413,'Mother Android',2021,'1080p'
136797,'Need for Speed',2014,'1080p'
615457,'Nobody',2021,'1080p'
75656,'Now You See Me',2013,'1080p'
291805,'Now You See Me 2',2016,'1080p'
117263,'Olympus Has Fallen',2013,'2160p'
739405,'Operation Fortune Ruse De Guerre',2023,'1080p'
775996,'Outside The Wire',2021,'1080p'
268896,'Pacific Rim Uprising',2018,'2160p'
68726,'Pacific Rim',2013,'1080p'
285,'Pirates of the Caribbean - at Worlds End',2007,'1080p'
58,'Pirates of the Caribbean - Dead Mans Chest',2006,'1080p'
166426,'Pirates of the Caribbean - Dead Men Tell No Tales',2017,'2160p'
1865,'Pirates of the Caribbean - On Stranger Tides',2011,'2160p'
22,'Pirates of the Caribbean - The Curse of the Black Pearl',2003,'2160p'
114150,'Pitch Perfect',2012,'720p'
254470,'Pitch Perfect 2',2015,'1080p'
353616,'Pitch Perfect 3',2017,'720p'
646389,'Plane',2023,'2160p'
447404,'Pok√©mon Detective Pikachu',2019,'1080p'
315162,'Puss in Boots: The Last Wish',2022,'1080p'
333339,'Ready Player One',2018,'2160p'
39254,'Real Steel',2011,'1080p'
512195,'Red Notice',2021,'1080p'
1013860,'R.I.P.D. 2 Rise Of The Damned',2022,'1080p'
49524,'R.I.P.D.',2013,'1080p'
375588,'Robin Hood',2018,'1080p'
15373,'Role Models',2008,'1080p'
629176,'Samaritan',2022,'1080p'
595743,'SAS Red Notice',2021,'1080p'
951491,'Saw X',2023,'1080p'
273477,'Scouts Guide To The Zombie Apocalypse',2015,'1080p'
287947,'Shazam!',2019,'1080p'
58574,'Sherlock Holmes A Game Of Shadows',2011,'1080p'
10528,'Sherlock Holmes',2009,'1080p'
7485,'Shooter',2007,'1080p'
454626,'Sonic the Hedgehog',2020,'1080p'
675353,'Sonic the Hedgehog 2',2022,'1080p'
45612,'Source Code',2011,'1080p'
324670,'Spectral',2016,'1080p'
429617,'Spider-Man Far From Home',2019,'1080p'
315635,'Spider-Man Homecoming',2017,'1080p'
634649,'Spider-Man No Way Home',2021,'1080p'
557,'Spider Man',2002,'1080p'
558,'Spider Man 2',2004,'1080p'
559,'Spider Man 3',2007,'1080p'
416494,'Status Update',2018,'1080p'
297761,'Suicide Squad',2016,'1080p'
54445,'S.W.A.T. Firefight',2011,'1080p'
625450,'Tall Girl',2019,'1080p'
772272,'Tall Girl 2',2022,'1080p'
308531,'Teenage Mutant Ninja Turtles Out Of The Shadows',2016,'1080p'
98566,'Teenage Mutant Ninja Turtles',2014,'1080p'
302946,'The Accountant',2016,'1080p'
696806,'The Adam Project',2022,'1080p'
1930,'The Amazing Spiderman',2012,'1080p'
102382,'The Amazing Spider Man 2',2014,'1080p'
24428,'The Avengers',2012,'1080p'
2501,'The Bourne Identity',2002,'1080p'
49040,'The Bourne Legacy',2012,'1080p'
2502,'The Bourne Supremacy',2004,'1080p'
2503,'The Bourne Ultimatum',2007,'1080p'
882569,'The Covenant',2023,'1080p'
402897,'The Death Of Stalin',2017,'1080p'
27578,'The Expendables',2010,'1080p'
76163,'The Expendables 2',2012,'1080p'
138103,'The Expendables 3',2014,'1080p'
9615,'The Fast and the Furious Tokyo Drift',2006,'1080p'
9799,'The Fast and the Furious',2001,'1080p'
337339,'The Fate Of The Furious',2017,'1080p'
18,'The Fifth Element',1997,'2160p'
598133,'The F k-It List',2020,'1080p'
298618,'The Flash',2023,'1080p'
725201,'The Gray Man',2022,'1080p'
101299,'The Hunger Games Catching Fire',2013,'1080p'
131631,'The Hunger Games: Mockingjay - Part 1',2014,'1080p'
131634,'The Hunger Games: Mockingjay - Part 2',2015,'1080p'
70160,'The Hunger Games',2012,'1080p'
1724,'The Incredible Hulk',2008,'1080p'
454983,'The Kissing Booth',2018,'1080p'
583083,'The Kissing Booth 2',2020,'1080p'
727745,'The Kissing Booth 3',2021,'1080p'
647250,'The Machine',2023,'1080p'
667739,'The Man From Toronto',2022,'1080p'
198663,'The Maze Runner',2014,'1080p'
27582,'The Mechanic',2011,'1080p'
547016,'The Old Guard',2020,'1080p'
543540,'The Perfect Date',2019,'1080p'
1124,'The Prestige',2006,'2160p'
365942,'The Space Between Us',2017,'1080p'
436969,'The Suicide Squad',2021,'1080p'
1024627,'The System',2022,'1080p'
588228,'The Tomorrow War',2021,'1080p'
23168,'The Town',2010,'1080p'
287948,'The Transporter Refueled',2015,'1080p'
4108,'The Transporter',2002,'1080p'
630004,'The Vault',2021,'1080p'
106646,'The Wolf of Wall Street',2013,'1080p'
299687,'The 5th Wave',2016,'1080p'
616037,'Thor Love And Thunder',2022,'1080p'
284053,'Thor Ragnarok',2017,'1080p'
76338,'Thor The Dark World',2013,'1080p'
10195,'Thor',2011,'1080p'
338970,'Tomb Raider',2018,'1080p'
361743,'Top Gun - Maverick',2022,'1080p'
744,'Top Gun',1986,'2160p'
91314,'Transformers: Age of Extinction',2014,'1080p'
38356,'Transformers: Dark of the Moon',2011,'1080p'
8373,'Transformers: Revenge of The Fallen',2009,'1080p'
667538,'Transformers: Rise of The Beasts',2023,'1080p'
335988,'Transformers: The Last Knight',2017,'1080p'
1858,'Transformers',2007,'1080p'
9335,'Transporter 2',2005,'1080p'
13387,'Transporter 3',2008,'1080p'
146198,'Triple 9',2016,'1080p'
20526,'TRON Legacy',2010,'2160p'
335787,'Uncharted',2022,'1080p'
14160,'Up',2009,'1080p'
339964,'Valerian and The City Of a Thousand Planets',2017,'1080p'
580489,'Venom Let There Be Carnage',2021,'1080p'
335983,'Venom',2018,'1080p'
68735,'Warcraft',2016,'1080p'
464052,'Wonder Woman 1984',2020,'1080p'
297762,'Wonder Woman',2017,'1080p'
612706,'Work It',2020,'1080p'
72190,'World War Z',2013,'1080p'
637649,'Wrath Of Man',2021,'1080p'
47971,'XXx Return Of Xander Cage',2017,'1080p'
11679,'xXx State of The Union',2005,'1080p'
7451,'xXx',2002,'1080p'
791373,'Zack Snyders Justice League',2021,'1080p'
338967,'Zombieland: Double Tap',2019,'1080p'
19908,'Zombieland',2009,'1080p'
584,'2 Fast 2 Furious',2003,'1080p'
535292,'21 Bridges',2019,'1080p'
64688,'21 Jump Street',2012,'2160p'
187017,'22 Jump Street',2014,'1080p'
509967,'6 Underground',2019,'1080p'
65,'8 Mile',2002,'1080p'
